size,density,alpha,beta, population, generations, offspring,  baseline_cost,ga_cost,improvement %,elapsed_time_min,is_valid,challenge, split_probability
10,0.1,0.0,0.1,10,100, 6, 39.96,7.79,19.50,0.00,True,WIN,0.9
10,0.1,0.0,0.5,10,100, 6, 39.96,7.79,19.50,0.00,True,WIN,0.75
10,0.1,0.0,1.0,10,100, 6, 39.96,7.79,19.50,0.00,True,WIN,0.51
10,0.1,0.0,2.0,10,100, 6, 39.96,7.79,19.50,0.00,True,WIN,0.1
10,0.1,0.0,4.0,10,100, 6, 39.96,7.79,19.50,0.00,True,WIN,0.1
10,0.1,0.0,5.0,10,100, 6, 39.96,7.79,19.50,0.00,True,WIN,0.1
10,0.1,0.1,0.1,10,100, 6, 82.21,22.41,27.26,0.00,True,WIN,0.9
10,0.1,0.1,0.5,10,100, 6, 199.24,91.43,45.89,0.00,True,WIN,0.75
10,0.1,0.1,1.0,10,100, 6, 1010.95,986.15,97.55,0.00,True,WIN,0.49
10,0.1,0.1,2.0,10,100, 6, 47369.33,2285.51,4.82,0.00,True,WIN,0.1
10,0.1,0.1,4.0,10,100, 6, 170807712.02,2254.49,0.00,0.00,True,WIN,0.1
10,0.1,0.1,5.0,10,100, 6, 11188853196.75,2188.13,0.00,0.00,True,WIN,0.1
10,0.1,1.0,0.1,10,100, 6, 93.15,26.70,28.66,0.00,True,WIN,0.9
10,0.1,1.0,0.5,10,100, 6, 543.67,278.49,51.22,0.00,True,WIN,0.75
10,0.1,1.0,1.0,10,100, 6, 9749.92,9725.11,99.75,0.00,True,WIN,0.31
10,0.1,1.0,2.0,10,100, 6, 4732977.40,22857.75,0.48,0.00,True,WIN,0.1
10,0.1,1.0,4.0,10,100, 6, 1708076720632.71,22535.49,0.00,0.00,True,WIN,0.1
10,0.1,1.0,5.0,10,100, 6, 1118885315678829.12,21871.34,0.00,0.00,True,WIN,0.1
10,0.1,2.0,0.1,10,100, 6, 96.97,28.19,29.07,0.00,True,WIN,0.9
10,0.1,2.0,0.5,10,100, 6, 752.31,391.81,52.08,0.00,True,WIN,0.75
10,0.1,2.0,1.0,10,100, 6, 19459.87,19435.07,99.87,0.00,True,WIN,0.10999999999999999
10,0.1,2.0,2.0,10,100, 6, 18931789.71,45799.71,0.24,0.00,True,WIN,0.1
10,0.1,2.0,4.0,10,100, 6, 27329227529523.97,45530.93,0.00,0.00,True,WIN,0.1
10,0.1,2.0,5.0,10,100, 6, 35804330101721292.00,44400.98,0.00,0.00,True,WIN,0.1
10,0.1,4.0,0.1,10,100, 6, 101.06,29.79,29.48,0.00,True,WIN,0.9
10,0.1,4.0,0.5,10,100, 6, 1047.37,552.07,52.71,0.00,True,WIN,0.75
10,0.1,4.0,1.0,10,100, 6, 38879.79,38854.89,99.94,0.00,True,WIN,0.1
10,0.1,4.0,2.0,10,100, 6, 75727038.98,94744.48,0.13,0.00,True,WIN,0.1
10,0.1,4.0,4.0,10,100, 6, 437267640471784.12,176193.53,0.00,0.00,True,WIN,0.1
10,0.1,4.0,5.0,10,100, 6, 1145738563255080064.00,272569.62,0.00,0.00,True,WIN,0.1
10,0.1,5.0,0.1,10,100, 6, 102.44,25.15,24.55,0.00,True,WIN,0.9
10,0.1,5.0,0.5,10,100, 6, 1166.28,616.65,52.87,0.00,True,WIN,0.75
10,0.1,5.0,1.0,10,100, 6, 48589.75,48564.84,99.95,0.00,True,WIN,0.1
10,0.1,5.0,2.0,10,100, 6, 118323475.93,125717.24,0.11,0.00,True,WIN,0.1
10,0.1,5.0,4.0,10,100, 6, 1067547950370509.00,364817.66,0.00,0.00,True,WIN,0.1
10,0.1,5.0,5.0,10,100, 6, 3496516611496216576.00,733782.24,0.00,0.00,True,WIN,0.1
10,0.2,0.0,0.1,10,100, 6, 16.76,5.27,31.48,0.00,True,WIN,0.9
10,0.2,0.0,0.5,10,100, 6, 16.76,5.27,31.48,0.00,True,WIN,0.75
10,0.2,0.0,1.0,10,100, 6, 16.76,5.27,31.48,0.00,True,WIN,0.51
10,0.2,0.0,2.0,10,100, 6, 16.76,5.27,31.48,0.00,True,WIN,0.1
10,0.2,0.0,4.0,10,100, 6, 16.76,5.27,31.48,0.00,True,WIN,0.1
10,0.2,0.0,5.0,10,100, 6, 16.76,5.27,31.48,0.00,True,WIN,0.1
10,0.2,0.1,0.1,10,100, 6, 42.35,18.79,44.37,0.00,True,WIN,0.9
10,0.2,0.1,0.5,10,100, 6, 106.79,74.26,69.54,0.00,True,WIN,0.75
10,0.2,0.1,1.0,10,100, 6, 504.71,495.19,98.11,0.00,True,WIN,0.49
10,0.2,0.1,2.0,10,100, 6, 18375.19,952.25,5.18,0.00,True,WIN,0.1
10,0.2,0.1,4.0,10,100, 6, 41313624.78,891.21,0.00,0.00,True,WIN,0.1
10,0.2,0.1,5.0,10,100, 6, 2168198684.86,860.27,0.00,0.00,True,WIN,0.1
10,0.2,1.0,0.1,10,100, 6, 48.98,22.47,45.87,0.00,True,WIN,0.9
10,0.2,1.0,0.5,10,100, 6, 301.47,210.69,69.89,0.00,True,WIN,0.75
10,0.2,1.0,1.0,10,100, 6, 4896.29,4886.77,99.81,0.00,True,WIN,0.31
10,0.2,1.0,2.0,10,100, 6, 1835859.98,9524.76,0.52,0.00,True,WIN,0.1
10,0.2,1.0,4.0,10,100, 6, 413136080204.09,8912.02,0.00,0.00,True,WIN,0.1
10,0.2,1.0,5.0,10,100, 6, 216819866809850.12,8603.25,0.00,0.00,True,WIN,0.1
10,0.2,2.0,0.1,10,100, 6, 51.29,23.75,46.31,0.00,True,WIN,0.9
10,0.2,2.0,0.5,10,100, 6, 419.40,295.75,70.52,0.00,True,WIN,0.75
10,0.2,2.0,1.0,10,100, 6, 9775.81,9766.29,99.90,0.00,True,WIN,0.10999999999999999
10,0.2,2.0,2.0,10,100, 6, 7343389.65,19050.23,0.26,0.00,True,WIN,0.1
10,0.2,2.0,4.0,10,100, 6, 6610177283014.04,18276.48,0.00,0.00,True,WIN,0.1
10,0.2,2.0,5.0,10,100, 6, 6938235737914684.00,17648.67,0.00,0.00,True,WIN,0.1
10,0.2,4.0,0.1,10,100, 6, 53.77,23.77,44.22,0.00,True,WIN,0.9
10,0.2,4.0,0.5,10,100, 6, 586.17,435.24,74.25,0.00,True,WIN,0.75
10,0.2,4.0,1.0,10,100, 6, 19534.87,19525.35,99.95,0.00,True,WIN,0.1
10,0.2,4.0,2.0,10,100, 6, 29373508.31,38398.96,0.13,0.00,True,WIN,0.1
10,0.2,4.0,4.0,10,100, 6, 105762836527973.27,49478.66,0.00,0.00,True,WIN,0.1
10,0.2,4.0,5.0,10,100, 6, 222023543613269376.00,61335.84,0.00,0.00,True,WIN,0.1
10,0.2,5.0,0.1,10,100, 6, 54.60,25.59,46.87,0.00,True,WIN,0.9
10,0.2,5.0,0.5,10,100, 6, 653.38,472.48,72.31,0.00,True,WIN,0.75
10,0.2,5.0,1.0,10,100, 6, 24414.40,24404.88,99.96,0.00,True,WIN,0.1
10,0.2,5.0,2.0,10,100, 6, 45896097.31,49947.99,0.11,0.00,True,WIN,0.1
10,0.2,5.0,4.0,10,100, 6, 258210050117098.06,92678.43,0.00,0.00,True,WIN,0.1
10,0.2,5.0,5.0,10,100, 6, 677562083780729472.00,146929.36,0.00,0.00,True,WIN,0.1
10,0.5,0.0,0.1,10,100, 6, 8.16,4.41,54.03,0.00,True,WIN,0.9
10,0.5,0.0,0.5,10,100, 6, 8.16,4.41,54.03,0.00,True,WIN,0.75
10,0.5,0.0,1.0,10,100, 6, 8.16,4.41,54.03,0.00,True,WIN,0.51
10,0.5,0.0,2.0,10,100, 6, 8.16,4.41,54.03,0.00,True,WIN,0.1
10,0.5,0.0,4.0,10,100, 6, 8.16,4.41,54.03,0.00,True,WIN,0.1
10,0.5,0.0,5.0,10,100, 6, 8.16,4.41,54.03,0.00,True,WIN,0.1
10,0.5,0.1,0.1,10,100, 6, 22.55,16.79,74.45,0.00,True,WIN,0.9
10,0.5,0.1,0.5,10,100, 6, 53.26,45.55,85.53,0.00,True,WIN,0.75
10,0.5,0.1,1.0,10,100, 6, 217.41,214.69,98.75,0.00,True,WIN,0.49
10,0.5,0.1,2.0,10,100, 6, 5519.21,361.85,6.56,0.00,True,WIN,0.1
10,0.5,0.1,4.0,10,100, 6, 5279133.83,301.06,0.01,0.00,True,WIN,0.1
10,0.5,0.1,5.0,10,100, 6, 173085948.75,280.99,0.00,0.00,True,WIN,0.1
10,0.5,1.0,0.1,10,100, 6, 26.28,20.79,79.08,0.00,True,WIN,0.9
10,0.5,1.0,0.5,10,100, 6, 150.77,132.78,88.07,0.00,True,WIN,0.75
10,0.5,1.0,1.0,10,100, 6, 2100.68,2098.32,99.89,0.00,True,WIN,0.31
10,0.5,1.0,2.0,10,100, 6, 551113.65,3622.15,0.66,0.00,True,WIN,0.1
10,0.5,1.0,4.0,10,100, 6, 52791256744.44,3010.89,0.00,0.00,True,WIN,0.1
10,0.5,1.0,5.0,10,100, 6, 17308594059349.72,2809.49,0.00,0.00,True,WIN,0.1
10,0.5,2.0,0.1,10,100, 6, 27.58,21.19,76.82,0.00,True,WIN,0.9
10,0.5,2.0,0.5,10,100, 6, 209.85,185.60,88.44,0.00,True,WIN,0.75
10,0.5,2.0,1.0,10,100, 6, 4193.20,4190.84,99.94,0.00,True,WIN,0.10999999999999999
10,0.5,2.0,2.0,10,100, 6, 2204430.12,7244.71,0.33,0.00,True,WIN,0.1
10,0.5,2.0,4.0,10,100, 6, 844660107788.72,6022.18,0.00,0.00,True,WIN,0.1
10,0.5,2.0,5.0,10,100, 6, 553875009898938.12,5619.37,0.00,0.00,True,WIN,0.1
10,0.5,4.0,0.1,10,100, 6, 28.98,22.38,77.24,0.00,True,WIN,0.9
10,0.5,4.0,0.5,10,100, 6, 293.39,260.29,88.72,0.00,True,WIN,0.75
10,0.5,4.0,1.0,10,100, 6, 8378.24,8375.88,99.97,0.00,True,WIN,0.1
10,0.5,4.0,2.0,10,100, 6, 8817696.03,14500.49,0.16,0.00,True,WIN,0.1
10,0.5,4.0,4.0,10,100, 6, 13514561724497.15,12475.40,0.00,0.00,True,WIN,0.1
10,0.5,4.0,5.0,10,100, 6, 17724000316765768.00,11709.98,0.00,0.00,True,WIN,0.1
10,0.5,5.0,0.1,10,100, 6, 29.45,22.93,77.86,0.00,True,WIN,0.9
10,0.5,5.0,0.5,10,100, 6, 327.06,290.39,88.79,0.00,True,WIN,0.75
10,0.5,5.0,1.0,10,100, 6, 10470.76,10468.41,99.98,0.00,True,WIN,0.1
10,0.5,5.0,2.0,10,100, 6, 13777645.46,18389.69,0.13,0.00,True,WIN,0.1
10,0.5,5.0,4.0,10,100, 6, 32994535460186.35,18314.99,0.00,0.00,True,WIN,0.1
10,0.5,5.0,5.0,10,100, 6, 54089356435442360.00,18495.72,0.00,0.00,True,WIN,0.1
10,1.0,0.0,0.1,10,100, 6, 7.34,2.91,39.65,0.00,True,WIN,0.9
10,1.0,0.0,0.5,10,100, 6, 7.34,2.91,39.65,0.00,True,WIN,0.75
10,1.0,0.0,1.0,10,100, 6, 7.34,2.91,39.65,0.00,True,WIN,0.51
10,1.0,0.0,2.0,10,100, 6, 7.34,2.91,39.65,0.00,True,WIN,0.1
10,1.0,0.0,4.0,10,100, 6, 7.34,2.91,39.65,0.00,True,WIN,0.1
10,1.0,0.0,5.0,10,100, 6, 7.34,2.91,39.65,0.00,True,WIN,0.1
10,1.0,0.1,0.1,10,100, 6, 19.15,15.04,78.52,0.00,True,WIN,0.9
10,1.0,0.1,0.5,10,100, 6, 45.41,40.52,89.23,0.00,True,WIN,0.75
10,1.0,0.1,1.0,10,100, 6, 193.78,192.80,99.49,0.00,True,WIN,0.49
10,1.0,0.1,2.0,10,100, 6, 5457.05,327.62,6.00,0.00,True,WIN,0.1
10,1.0,0.1,4.0,10,100, 6, 5916056.02,272.73,0.00,0.00,True,WIN,0.1
10,1.0,0.1,5.0,10,100, 6, 202461219.38,253.54,0.00,0.00,True,WIN,0.1
10,1.0,1.0,0.1,10,100, 6, 22.21,18.09,81.45,0.00,True,WIN,0.9
10,1.0,1.0,0.5,10,100, 6, 127.74,118.64,92.87,0.00,True,WIN,0.75
10,1.0,1.0,1.0,10,100, 6, 1871.77,1871.15,99.97,0.00,True,WIN,0.31
10,1.0,1.0,2.0,10,100, 6, 544978.88,3280.02,0.60,0.00,True,WIN,0.1
10,1.0,1.0,4.0,10,100, 6, 59160486867.93,2731.88,0.00,0.00,True,WIN,0.1
10,1.0,1.0,5.0,10,100, 6, 20246121204555.93,2533.39,0.00,0.00,True,WIN,0.1
10,1.0,2.0,0.1,10,100, 6, 23.28,19.20,82.45,0.00,True,WIN,0.9
10,1.0,2.0,0.5,10,100, 6, 177.61,166.08,93.51,0.00,True,WIN,0.75
10,1.0,2.0,1.0,10,100, 6, 3736.21,3735.59,99.98,0.00,True,WIN,0.10999999999999999
10,1.0,2.0,2.0,10,100, 6, 2179893.51,6559.98,0.30,0.00,True,WIN,0.1
10,1.0,2.0,4.0,10,100, 6, 946567789776.91,5463.30,0.00,0.00,True,WIN,0.1
10,1.0,2.0,5.0,10,100, 6, 647875878545562.12,5071.57,0.00,0.00,True,WIN,0.1
10,1.0,4.0,0.1,10,100, 6, 24.43,20.36,83.35,0.00,True,WIN,0.9
10,1.0,4.0,0.5,10,100, 6, 248.15,233.18,93.97,0.00,True,WIN,0.75
10,1.0,4.0,1.0,10,100, 6, 7465.09,7464.47,99.99,0.00,True,WIN,0.1
10,1.0,4.0,2.0,10,100, 6, 8719552.03,13158.08,0.15,0.00,True,WIN,0.1
10,1.0,4.0,4.0,10,100, 6, 15145084636320.54,11259.21,0.00,0.00,True,WIN,0.1
10,1.0,4.0,5.0,10,100, 6, 20732028113457760.00,10567.05,0.00,0.00,True,WIN,0.1
10,1.0,5.0,0.1,10,100, 6, 24.81,20.74,83.58,0.00,True,WIN,0.9
10,1.0,5.0,0.5,10,100, 6, 276.57,260.22,94.09,0.00,True,WIN,0.75
10,1.0,5.0,1.0,10,100, 6, 9329.53,9328.90,99.99,0.00,True,WIN,0.1
10,1.0,5.0,2.0,10,100, 6, 13624295.92,16724.13,0.12,0.00,True,WIN,0.1
10,1.0,5.0,4.0,10,100, 6, 36975304287881.37,16263.79,0.00,0.00,True,WIN,0.1
10,1.0,5.0,5.0,10,100, 6, 63269128764214336.00,16324.71,0.00,0.00,True,WIN,0.1
50,0.1,0.0,0.1,10,100, 6, 93.11,19.97,21.45,0.00,True,WIN,0.9
50,0.1,0.0,0.5,10,100, 6, 93.11,19.97,21.45,0.00,True,WIN,0.75
50,0.1,0.0,1.0,10,100, 6, 93.11,19.97,21.45,0.00,True,WIN,0.51
50,0.1,0.0,2.0,10,100, 6, 93.11,19.97,21.45,0.00,True,WIN,0.1
50,0.1,0.0,4.0,10,100, 6, 93.11,19.97,21.45,0.00,True,WIN,0.1
50,0.1,0.0,5.0,10,100, 6, 93.11,19.97,21.45,0.00,True,WIN,0.1
50,0.1,0.1,0.1,10,100, 6, 266.51,108.00,40.52,0.05,True,WIN,0.9
50,0.1,0.1,0.5,10,100, 6, 600.84,416.79,69.37,0.01,True,WIN,0.75
50,0.1,0.1,1.0,10,100, 6, 2280.92,2253.10,98.78,0.01,True,WIN,0.49
50,0.1,0.1,2.0,10,100, 6, 52132.42,3755.18,7.20,0.00,True,WIN,0.1
50,0.1,0.1,4.0,10,100, 6, 54957611.20,3178.19,0.01,0.00,True,WIN,0.1
50,0.1,0.1,5.0,10,100, 6, 2205641360.87,3002.20,0.00,0.00,True,WIN,0.1
50,0.1,1.0,0.1,10,100, 6, 311.41,137.62,44.19,0.02,True,WIN,0.9
50,0.1,1.0,0.5,10,100, 6, 1698.71,1195.10,70.35,0.01,True,WIN,0.75
50,0.1,1.0,1.0,10,100, 6, 21971.20,21946.15,99.89,0.01,True,WIN,0.31
50,0.1,1.0,2.0,10,100, 6, 5204023.63,37555.17,0.72,0.00,True,WIN,0.1
50,0.1,1.0,4.0,10,100, 6, 549575181016.58,31740.01,0.00,0.00,True,WIN,0.1
50,0.1,1.0,5.0,10,100, 6, 220564126776120.94,29974.14,0.00,0.00,True,WIN,0.1
50,0.1,2.0,0.1,10,100, 6, 327.08,138.50,42.35,0.06,True,WIN,0.9
50,0.1,2.0,0.5,10,100, 6, 2363.76,1708.30,72.27,0.01,True,WIN,0.75
50,0.1,2.0,1.0,10,100, 6, 43849.28,43823.73,99.94,0.01,True,WIN,0.10999999999999999
50,0.1,2.0,2.0,10,100, 6, 20815815.20,75106.30,0.36,0.00,True,WIN,0.1
50,0.1,2.0,4.0,10,100, 6, 8793202894868.56,63228.35,0.00,0.00,True,WIN,0.1
50,0.1,2.0,5.0,10,100, 6, 7058052056832986.00,59796.57,0.00,0.00,True,WIN,0.1
50,0.1,4.0,0.1,10,100, 6, 343.88,143.30,41.67,0.06,True,WIN,0.9
50,0.1,4.0,0.5,10,100, 6, 3304.30,2387.81,72.26,0.02,True,WIN,0.75
50,0.1,4.0,1.0,10,100, 6, 87605.45,87579.48,99.97,0.02,True,WIN,0.1
50,0.1,4.0,2.0,10,100, 6, 83262981.48,150657.15,0.18,0.00,True,WIN,0.1
50,0.1,4.0,4.0,10,100, 6, 140691246316500.20,129972.49,0.00,0.00,True,WIN,0.1
50,0.1,4.0,5.0,10,100, 6, 225857665818652640.00,125641.24,0.00,0.00,True,WIN,0.1
50,0.1,5.0,0.1,10,100, 6, 349.53,145.86,41.73,0.05,True,WIN,0.9
50,0.1,5.0,0.5,10,100, 6, 3683.33,2705.25,73.45,0.02,True,WIN,0.75
50,0.1,5.0,1.0,10,100, 6, 109483.53,109457.54,99.98,0.02,True,WIN,0.1
50,0.1,5.0,2.0,10,100, 6, 130098356.19,189988.14,0.15,0.01,True,WIN,0.1
50,0.1,5.0,4.0,10,100, 6, 343484488077259.00,181556.57,0.00,0.01,True,WIN,0.1
50,0.1,5.0,5.0,10,100, 6, 689262896175087232.00,189419.06,0.00,0.01,True,WIN,0.1
50,0.2,0.0,0.1,10,100, 6, 53.72,16.82,31.31,0.00,True,WIN,0.9
50,0.2,0.0,0.5,10,100, 6, 53.72,16.82,31.31,0.00,True,WIN,0.75
50,0.2,0.0,1.0,10,100, 6, 53.72,16.82,31.31,0.00,True,WIN,0.51
50,0.2,0.0,2.0,10,100, 6, 53.72,16.82,31.31,0.00,True,WIN,0.1
50,0.2,0.0,4.0,10,100, 6, 53.72,16.82,31.31,0.00,True,WIN,0.1
50,0.2,0.0,5.0,10,100, 6, 53.72,16.82,31.31,0.00,True,WIN,0.1
50,0.2,0.1,0.1,10,100, 6, 185.77,99.19,53.39,0.01,True,WIN,0.9
50,0.2,0.1,0.5,10,100, 6, 391.48,296.57,75.75,0.01,True,WIN,0.75
50,0.2,0.1,1.0,10,100, 6, 1338.08,1325.89,99.09,0.01,True,WIN,0.49
50,0.2,0.1,2.0,10,100, 6, 26290.50,1915.54,7.29,0.00,True,WIN,0.1
50,0.2,0.1,4.0,10,100, 6, 23221369.30,1517.27,0.01,0.00,True,WIN,0.1
50,0.2,0.1,5.0,10,100, 6, 844266213.26,1418.01,0.00,0.00,True,WIN,0.1
50,0.2,1.0,0.1,10,100, 6, 219.96,118.02,53.66,0.02,True,WIN,0.9
50,0.2,1.0,0.5,10,100, 6, 1121.83,887.58,79.12,0.01,True,WIN,0.75
50,0.2,1.0,1.0,10,100, 6, 12897.33,12887.01,99.92,0.01,True,WIN,0.31
50,0.2,1.0,2.0,10,100, 6, 2623731.82,19157.70,0.73,0.00,True,WIN,0.1
50,0.2,1.0,4.0,10,100, 6, 232213155897.16,15185.78,0.00,0.00,True,WIN,0.1
50,0.2,1.0,5.0,10,100, 6, 84426615954550.16,14164.04,0.00,0.00,True,WIN,0.1
50,0.2,2.0,0.1,10,100, 6, 231.90,124.15,53.54,0.02,True,WIN,0.9
50,0.2,2.0,0.5,10,100, 6, 1564.26,1233.59,78.86,0.01,True,WIN,0.75
50,0.2,2.0,1.0,10,100, 6, 25740.94,25730.95,99.96,0.01,True,WIN,0.10999999999999999
50,0.2,2.0,2.0,10,100, 6, 10494766.15,38316.79,0.37,0.00,True,WIN,0.1
50,0.2,2.0,4.0,10,100, 6, 3715410493548.80,30296.96,0.00,0.00,True,WIN,0.1
50,0.2,2.0,5.0,10,100, 6, 2701651710543940.50,28250.40,0.00,0.00,True,WIN,0.1
50,0.2,4.0,0.1,10,100, 6, 244.68,132.82,54.28,0.03,True,WIN,0.9
50,0.2,4.0,0.5,10,100, 6, 2189.95,1737.25,79.33,0.01,True,WIN,0.75
50,0.2,4.0,1.0,10,100, 6, 51428.16,51416.53,99.98,0.01,True,WIN,0.1
50,0.2,4.0,2.0,10,100, 6, 41978903.44,76724.33,0.18,0.00,True,WIN,0.1
50,0.2,4.0,4.0,10,100, 6, 59446567895975.03,61251.88,0.00,0.00,True,WIN,0.1
50,0.2,4.0,5.0,10,100, 6, 86452854737404400.00,57283.90,0.00,0.00,True,WIN,0.1
50,0.2,5.0,0.1,10,100, 6, 248.99,135.02,54.23,0.02,True,WIN,0.9
50,0.2,5.0,0.5,10,100, 6, 2442.10,1936.26,79.29,0.01,True,WIN,0.75
50,0.2,5.0,1.0,10,100, 6, 64271.77,64261.04,99.98,0.01,True,WIN,0.1
50,0.2,5.0,2.0,10,100, 6, 65592006.41,96502.24,0.15,0.00,True,WIN,0.1
50,0.2,5.0,4.0,10,100, 6, 145133222402205.34,80331.93,0.00,0.00,True,WIN,0.1
50,0.2,5.0,5.0,10,100, 6, 263833174857801440.00,77257.91,0.00,0.00,True,WIN,0.1
50,0.5,0.0,0.1,10,100, 6, 38.35,8.56,22.31,0.00,True,WIN,0.9
50,0.5,0.0,0.5,10,100, 6, 38.35,8.56,22.31,0.00,True,WIN,0.75
50,0.5,0.0,1.0,10,100, 6, 38.35,8.56,22.31,0.00,True,WIN,0.51
50,0.5,0.0,2.0,10,100, 6, 38.35,8.56,22.31,0.00,True,WIN,0.1
50,0.5,0.0,4.0,10,100, 6, 38.35,8.56,22.31,0.00,True,WIN,0.1
50,0.5,0.0,5.0,10,100, 6, 38.35,8.56,22.31,0.00,True,WIN,0.1
50,0.5,0.1,0.1,10,100, 6, 136.21,85.25,62.59,0.01,True,WIN,0.9
50,0.5,0.1,0.5,10,100, 6, 284.64,229.39,80.59,0.01,True,WIN,0.75
50,0.5,0.1,1.0,10,100, 6, 975.37,965.92,99.03,0.01,True,WIN,0.49
50,0.5,0.1,2.0,10,100, 6, 18799.41,1255.93,6.68,0.00,True,WIN,0.1
50,0.5,0.1,4.0,10,100, 6, 13456021.97,886.85,0.01,0.00,True,WIN,0.1
50,0.5,0.1,5.0,10,100, 6, 416802734.68,810.56,0.00,0.00,True,WIN,0.1
50,0.5,1.0,0.1,10,100, 6, 161.55,104.22,64.51,0.01,True,WIN,0.9
50,0.5,1.0,0.5,10,100, 6, 817.17,673.35,82.40,0.01,True,WIN,0.75
50,0.5,1.0,1.0,10,100, 6, 9408.58,9398.86,99.90,0.01,True,WIN,0.31
50,0.5,1.0,2.0,10,100, 6, 1876144.04,12536.09,0.67,0.00,True,WIN,0.1
50,0.5,1.0,4.0,10,100, 6, 134559836260.82,8804.28,0.00,0.00,True,WIN,0.1
50,0.5,1.0,5.0,10,100, 6, 41680269632719.91,8057.50,0.00,0.00,True,WIN,0.1
50,0.5,2.0,0.1,10,100, 6, 170.39,109.97,64.54,0.01,True,WIN,0.9
50,0.5,2.0,0.5,10,100, 6, 1139.77,953.12,83.62,0.01,True,WIN,0.75
50,0.5,2.0,1.0,10,100, 6, 18778.81,18770.79,99.96,0.01,True,WIN,0.10999999999999999
50,0.5,2.0,2.0,10,100, 6, 7504461.10,25067.34,0.33,0.00,True,WIN,0.1
50,0.5,2.0,4.0,10,100, 6, 2152957379597.83,17620.27,0.00,0.00,True,WIN,0.1
50,0.5,2.0,5.0,10,100, 6, 1333768628245848.25,16120.57,0.00,0.00,True,WIN,0.1
50,0.5,4.0,0.1,10,100, 6, 179.87,119.92,66.67,0.01,True,WIN,0.9
50,0.5,4.0,0.5,10,100, 6, 1596.00,1335.67,83.69,0.01,True,WIN,0.75
50,0.5,4.0,1.0,10,100, 6, 37519.26,37510.70,99.98,0.01,True,WIN,0.1
50,0.5,4.0,2.0,10,100, 6, 30017729.34,49817.07,0.17,0.00,True,WIN,0.1
50,0.5,4.0,4.0,10,100, 6, 34447318072989.96,34909.93,0.00,0.00,True,WIN,0.1
50,0.5,4.0,5.0,10,100, 6, 42680596103865960.00,31917.75,0.00,0.00,True,WIN,0.1
50,0.5,5.0,0.1,10,100, 6, 183.06,116.74,63.77,0.01,True,WIN,0.9
50,0.5,5.0,0.5,10,100, 6, 1779.85,1480.17,83.16,0.01,True,WIN,0.75
50,0.5,5.0,1.0,10,100, 6, 46889.49,46881.53,99.98,0.01,True,WIN,0.1
50,0.5,5.0,2.0,10,100, 6, 46902680.52,62158.79,0.13,0.00,True,WIN,0.1
50,0.5,5.0,4.0,10,100, 6, 84099897639080.39,43615.28,0.00,0.00,True,WIN,0.1
50,0.5,5.0,5.0,10,100, 6, 130250842602129920.00,39713.09,0.00,0.00,True,WIN,0.1
50,1.0,0.0,0.1,10,100, 6, 35.71,5.73,16.04,0.00,True,WIN,0.9
50,1.0,0.0,0.5,10,100, 6, 35.71,5.73,16.04,0.00,True,WIN,0.75
50,1.0,0.0,1.0,10,100, 6, 35.71,5.73,16.04,0.00,True,WIN,0.51
50,1.0,0.0,2.0,10,100, 6, 35.71,5.73,16.04,0.00,True,WIN,0.1
50,1.0,0.0,4.0,10,100, 6, 35.71,5.73,16.04,0.04,True,WIN,0.1
50,1.0,0.0,5.0,10,100, 6, 35.71,5.73,16.04,0.00,True,WIN,0.1
50,1.0,0.1,0.1,10,100, 6, 99.30,75.92,76.46,0.01,True,WIN,0.9
50,1.0,0.1,0.5,10,100, 6, 228.84,192.00,83.90,0.01,True,WIN,0.75
50,1.0,0.1,1.0,10,100, 6, 898.43,891.14,99.19,0.01,True,WIN,0.49
50,1.0,0.1,2.0,10,100, 6, 21253.21,1039.66,4.89,0.00,True,WIN,0.1
50,1.0,0.1,4.0,10,100, 6, 20740035.26,708.71,0.00,0.00,True,WIN,0.1
50,1.0,0.1,5.0,10,100, 6, 755234446.09,649.93,0.00,0.00,True,WIN,0.1
50,1.0,1.0,0.1,10,100, 6, 115.76,93.34,80.63,0.01,True,WIN,0.9
50,1.0,1.0,0.5,10,100, 6, 646.43,569.20,88.05,0.01,True,WIN,0.75
50,1.0,1.0,1.0,10,100, 6, 8662.89,8660.20,99.97,0.01,True,WIN,0.31
50,1.0,1.0,2.0,10,100, 6, 2121786.14,10370.02,0.49,0.00,True,WIN,0.1
50,1.0,1.0,4.0,10,100, 6, 207399995524.65,7091.17,0.00,0.00,True,WIN,0.1
50,1.0,1.0,5.0,10,100, 6, 75523441038206.02,6503.25,0.00,0.00,True,WIN,0.1
50,1.0,2.0,0.1,10,100, 6, 121.50,100.41,82.64,0.01,True,WIN,0.9
50,1.0,2.0,0.5,10,100, 6, 899.40,797.77,88.70,0.01,True,WIN,0.75
50,1.0,2.0,1.0,10,100, 6, 17290.08,17287.91,99.99,0.01,True,WIN,0.10999999999999999
50,1.0,2.0,2.0,10,100, 6, 8487037.45,20736.46,0.24,0.00,True,WIN,0.1
50,1.0,2.0,4.0,10,100, 6, 3318399927858.80,14138.79,0.00,0.00,True,WIN,0.1
50,1.0,2.0,5.0,10,100, 6, 2416750113221485.50,12931.94,0.00,0.00,True,WIN,0.1
50,1.0,4.0,0.1,10,100, 6, 127.66,106.55,83.46,0.01,True,WIN,0.9
50,1.0,4.0,0.5,10,100, 6, 1257.16,1121.20,89.18,0.01,True,WIN,0.75
50,1.0,4.0,1.0,10,100, 6, 34544.45,34543.42,100.00,0.00,True,WIN,0.1
50,1.0,4.0,2.0,10,100, 6, 33948042.67,41306.90,0.12,0.00,True,WIN,0.1
50,1.0,4.0,4.0,10,100, 6, 53094398845205.16,28004.85,0.00,0.00,True,WIN,0.1
50,1.0,4.0,5.0,10,100, 6, 77336003623086432.00,25436.82,0.00,0.01,True,WIN,0.1
50,1.0,5.0,0.1,10,100, 6, 129.74,107.28,82.69,0.01,True,WIN,0.9
50,1.0,5.0,0.5,10,100, 6, 1401.33,1251.71,89.32,0.01,True,WIN,0.75
50,1.0,5.0,1.0,10,100, 6, 43171.64,43170.66,100.00,0.00,True,WIN,0.1
50,1.0,5.0,2.0,10,100, 6, 53043796.58,51799.84,0.10,0.00,True,WIN,0.1
50,1.0,5.0,4.0,10,100, 6, 129624997180625.16,35716.22,0.00,0.00,True,WIN,0.1
50,1.0,5.0,5.0,10,100, 6, 236010753244282336.00,32422.25,0.00,0.00,True,WIN,0.1
100,0.1,0.0,0.1,10,100, 6, 153.91,30.79,20.00,0.00,True,WIN,0.9
100,0.1,0.0,0.5,10,100, 6, 153.91,30.79,20.00,0.00,True,WIN,0.75
100,0.1,0.0,1.0,10,100, 6, 153.91,30.79,20.00,0.00,True,WIN,0.51
100,0.1,0.0,2.0,10,100, 6, 153.91,30.79,20.00,0.00,True,WIN,0.1
100,0.1,0.0,4.0,10,100, 6, 153.91,30.79,20.00,0.01,True,WIN,0.1
100,0.1,0.0,5.0,10,100, 6, 153.91,30.79,20.00,0.00,True,WIN,0.1
100,0.1,0.1,0.1,10,100, 6, 514.09,236.03,45.91,0.09,True,WIN,0.9
100,0.1,0.1,0.5,10,100, 6, 1069.39,747.86,69.93,0.04,True,WIN,0.75
100,0.1,0.1,1.0,10,100, 6, 3676.27,3626.81,98.65,0.03,True,WIN,0.49
100,0.1,0.1,2.0,10,100, 6, 75133.08,5322.35,7.08,0.00,True,WIN,0.1
100,0.1,0.1,4.0,10,100, 6, 72368955.74,4195.21,0.01,0.00,True,WIN,0.1
100,0.1,0.1,5.0,10,100, 6, 2755357918.44,3897.77,0.00,0.00,True,WIN,0.1
100,0.1,1.0,0.1,10,100, 6, 607.34,274.00,45.11,0.06,True,WIN,0.9
100,0.1,1.0,0.5,10,100, 6, 3048.90,2218.74,72.77,0.03,True,WIN,0.75
100,0.1,1.0,1.0,10,100, 6, 35377.49,35331.30,99.87,0.04,True,WIN,0.31
100,0.1,1.0,2.0,10,100, 6, 7498070.53,53176.25,0.71,0.00,True,WIN,0.1
100,0.1,1.0,4.0,10,100, 6, 723688018404.27,41885.60,0.00,0.00,True,WIN,0.1
100,0.1,1.0,5.0,10,100, 6, 275535776452708.28,38892.66,0.00,0.01,True,WIN,0.1
100,0.1,2.0,0.1,10,100, 6, 639.89,304.16,47.53,0.06,True,WIN,0.9
100,0.1,2.0,0.5,10,100, 6, 4248.04,3105.85,73.11,0.03,True,WIN,0.75
100,0.1,2.0,1.0,10,100, 6, 70601.07,70555.49,99.94,0.04,True,WIN,0.10999999999999999
100,0.1,2.0,2.0,10,100, 6, 29991820.36,106353.69,0.35,0.01,True,WIN,0.1
100,0.1,2.0,4.0,10,100, 6, 11579008292159.66,84147.39,0.00,0.01,True,WIN,0.1
100,0.1,2.0,5.0,10,100, 6, 8817144846481891.00,78442.06,0.00,0.01,True,WIN,0.1
100,0.1,4.0,0.1,10,100, 6, 674.77,321.27,47.61,0.10,True,WIN,0.9
100,0.1,4.0,0.5,10,100, 6, 5943.88,4433.44,74.59,0.03,True,WIN,0.75
100,0.1,4.0,1.0,10,100, 6, 141048.22,141000.78,99.97,0.05,True,WIN,0.1
100,0.1,4.0,2.0,10,100, 6, 119966819.69,212707.85,0.18,0.01,True,WIN,0.1
100,0.1,4.0,4.0,10,100, 6, 185264132672245.84,167247.36,0.00,0.01,True,WIN,0.1
100,0.1,4.0,5.0,10,100, 6, 282148635087415776.00,155715.55,0.00,0.01,True,WIN,0.1
100,0.1,5.0,0.1,10,100, 6, 686.52,341.32,49.72,0.06,True,WIN,0.9
100,0.1,5.0,0.5,10,100, 6, 6627.29,4949.74,74.69,0.03,True,WIN,0.75
100,0.1,5.0,1.0,10,100, 6, 176271.80,176228.28,99.98,0.04,True,WIN,0.1
100,0.1,5.0,2.0,10,100, 6, 187448069.20,266099.84,0.14,0.01,True,WIN,0.1
100,0.1,5.0,4.0,10,100, 6, 452305011406628.31,211054.16,0.00,0.01,True,WIN,0.1
100,0.1,5.0,5.0,10,100, 6, 861049301414232704.00,195495.04,0.00,0.01,True,WIN,0.1
100,0.2,0.0,0.1,10,100, 6, 107.50,21.11,19.64,0.01,True,WIN,0.9
100,0.2,0.0,0.5,10,100, 6, 107.50,21.11,19.64,0.00,True,WIN,0.75
100,0.2,0.0,1.0,10,100, 6, 107.50,21.11,19.64,0.01,True,WIN,0.51
100,0.2,0.0,2.0,10,100, 6, 107.50,21.11,19.64,0.01,True,WIN,0.1
100,0.2,0.0,4.0,10,100, 6, 107.50,21.11,19.64,0.00,True,WIN,0.1
100,0.2,0.0,5.0,10,100, 6, 107.50,21.11,19.64,0.00,True,WIN,0.1
100,0.2,0.1,0.1,10,100, 6, 391.98,212.41,54.19,0.04,True,WIN,0.9
100,0.2,0.1,0.5,10,100, 6, 779.03,534.51,68.61,0.03,True,WIN,0.75
100,0.2,0.1,1.0,10,100, 6, 2623.39,2591.69,98.79,0.03,True,WIN,0.49
100,0.2,0.1,2.0,10,100, 6, 53450.45,3640.81,6.81,0.00,True,WIN,0.1
100,0.2,0.1,4.0,10,100, 6, 50189865.22,2804.31,0.01,0.00,True,WIN,0.1
100,0.2,0.1,5.0,10,100, 6, 1870881762.83,2610.07,0.00,0.01,True,WIN,0.1
100,0.2,1.0,0.1,10,100, 6, 465.64,261.58,56.18,0.03,True,WIN,0.9
100,0.2,1.0,0.5,10,100, 6, 2231.05,1612.48,72.27,0.03,True,WIN,0.75
100,0.2,1.0,1.0,10,100, 6, 25266.41,25239.43,99.89,0.03,True,WIN,0.31
100,0.2,1.0,2.0,10,100, 6, 5334401.93,36373.74,0.68,0.01,True,WIN,0.1
100,0.2,1.0,4.0,10,100, 6, 501897577289.03,27992.95,0.00,0.01,True,WIN,0.1
100,0.2,1.0,5.0,10,100, 6, 187088165532885.75,26020.13,0.00,0.01,True,WIN,0.1
100,0.2,2.0,0.1,10,100, 6, 491.34,262.57,53.44,0.04,True,WIN,0.9
100,0.2,2.0,0.5,10,100, 6, 3110.65,2269.27,72.95,0.03,True,WIN,0.75
100,0.2,2.0,1.0,10,100, 6, 50425.31,50398.47,99.95,0.03,True,WIN,0.10999999999999999
100,0.2,2.0,2.0,10,100, 6, 21337285.20,72746.02,0.34,0.01,True,WIN,0.1
100,0.2,2.0,4.0,10,100, 6, 8030361235011.95,56457.99,0.00,0.01,True,WIN,0.1
100,0.2,2.0,5.0,10,100, 6, 5986821297049011.00,52614.57,0.00,0.01,True,WIN,0.1
100,0.2,4.0,0.1,10,100, 6, 518.89,282.74,54.49,0.04,True,WIN,0.9
100,0.2,4.0,0.5,10,100, 6, 4354.59,3198.00,73.44,0.03,True,WIN,0.75
100,0.2,4.0,1.0,10,100, 6, 100743.12,100716.55,99.97,0.03,True,WIN,0.1
100,0.2,4.0,2.0,10,100, 6, 85348818.31,144918.21,0.17,0.01,True,WIN,0.1
100,0.2,4.0,4.0,10,100, 6, 128485779758578.61,108793.69,0.00,0.01,True,WIN,0.1
100,0.2,4.0,5.0,10,100, 6, 191578281505565152.00,100570.71,0.00,0.01,True,WIN,0.1
100,0.2,5.0,0.1,10,100, 6, 528.18,291.90,55.27,0.04,True,WIN,0.9
100,0.2,5.0,0.5,10,100, 6, 4855.90,3545.92,73.02,0.03,True,WIN,0.75
100,0.2,5.0,1.0,10,100, 6, 125902.02,125875.59,99.98,0.03,True,WIN,0.1
100,0.2,5.0,2.0,10,100, 6, 133357468.14,180319.85,0.14,0.01,True,WIN,0.1
100,0.2,5.0,4.0,10,100, 6, 313685985738562.44,135007.18,0.00,0.01,True,WIN,0.1
100,0.2,5.0,5.0,10,100, 6, 584650517289932288.00,124171.58,0.00,0.02,True,WIN,0.1
100,0.5,0.0,0.1,10,100, 6, 76.83,11.99,15.61,0.01,True,WIN,0.9
100,0.5,0.0,0.5,10,100, 6, 76.83,11.99,15.61,0.01,True,WIN,0.75
100,0.5,0.0,1.0,10,100, 6, 76.83,11.99,15.61,0.01,True,WIN,0.51
100,0.5,0.0,2.0,10,100, 6, 76.83,11.99,15.61,0.01,True,WIN,0.1
100,0.5,0.0,4.0,10,100, 6, 76.83,11.99,15.61,0.01,True,WIN,0.1
100,0.5,0.0,5.0,10,100, 6, 76.83,11.99,15.61,0.01,True,WIN,0.1
100,0.5,0.1,0.1,10,100, 6, 266.91,174.23,65.27,0.03,True,WIN,0.9
100,0.5,0.1,0.5,10,100, 6, 538.17,413.98,76.92,0.02,True,WIN,0.75
100,0.5,0.1,1.0,10,100, 6, 1950.28,1931.71,99.05,0.02,True,WIN,0.49
100,0.5,0.1,2.0,10,100, 6, 47037.56,2157.49,4.59,0.01,True,WIN,0.1
100,0.5,0.1,4.0,10,100, 6, 56432649.19,1462.76,0.00,0.01,True,WIN,0.1
100,0.5,0.1,5.0,10,100, 6, 2265723695.51,1342.35,0.00,0.01,True,WIN,0.1
100,0.5,1.0,0.1,10,100, 6, 316.13,212.28,67.15,0.03,True,WIN,0.9
100,0.5,1.0,0.5,10,100, 6, 1535.71,1230.97,80.16,0.02,True,WIN,0.75
100,0.5,1.0,1.0,10,100, 6, 18811.32,18801.52,99.95,0.03,True,WIN,0.31
100,0.5,1.0,2.0,10,100, 6, 4696149.78,21523.87,0.46,0.01,True,WIN,0.1
100,0.5,1.0,4.0,10,100, 6, 564325723705.09,14612.34,0.00,0.01,True,WIN,0.1
100,0.5,1.0,5.0,10,100, 6, 226572361867718.53,13423.00,0.00,0.01,True,WIN,0.1
100,0.5,2.0,0.1,10,100, 6, 333.30,228.95,68.69,0.02,True,WIN,0.9
100,0.5,2.0,0.5,10,100, 6, 2140.00,1717.78,80.27,0.02,True,WIN,0.75
100,0.5,2.0,1.0,10,100, 6, 37545.81,37535.29,99.97,0.02,True,WIN,0.10999999999999999
100,0.5,2.0,2.0,10,100, 6, 18784368.62,43048.49,0.23,0.01,True,WIN,0.1
100,0.5,2.0,4.0,10,100, 6, 9029211578128.92,28718.74,0.00,0.01,True,WIN,0.1
100,0.5,2.0,5.0,10,100, 6, 7250315579764613.00,26255.43,0.00,0.01,True,WIN,0.1
100,0.5,4.0,0.1,10,100, 6, 351.71,242.91,69.06,0.02,True,WIN,0.9
100,0.5,4.0,0.5,10,100, 6, 2994.60,2409.21,80.45,0.02,True,WIN,0.75
100,0.5,4.0,1.0,10,100, 6, 75014.80,75004.89,99.99,0.03,True,WIN,0.1
100,0.5,4.0,2.0,10,100, 6, 75137244.00,85992.25,0.11,0.02,True,WIN,0.1
100,0.5,4.0,4.0,10,100, 6, 144467385248910.28,57539.80,0.00,0.01,True,WIN,0.1
100,0.5,4.0,5.0,10,100, 6, 232010098552465216.00,52552.84,0.00,0.01,True,WIN,0.1
100,0.5,5.0,0.1,10,100, 6, 357.92,247.75,69.22,0.01,True,WIN,0.9
100,0.5,5.0,0.5,10,100, 6, 3338.99,2683.28,80.36,0.02,True,WIN,0.75
100,0.5,5.0,1.0,10,100, 6, 93749.29,93739.76,99.99,0.03,True,WIN,0.1
100,0.5,5.0,2.0,10,100, 6, 117401900.53,106906.39,0.09,0.01,True,WIN,0.1
100,0.5,5.0,4.0,10,100, 6, 352703577267736.69,70224.41,0.00,0.01,True,WIN,0.1
100,0.5,5.0,5.0,10,100, 6, 708038630836380672.00,63279.01,0.00,0.01,True,WIN,0.1
100,1.0,0.0,0.1,10,100, 6, 74.45,7.98,10.72,0.01,True,WIN,0.9
100,1.0,0.0,0.5,10,100, 6, 74.45,7.98,10.72,0.01,True,WIN,0.75
100,1.0,0.0,1.0,10,100, 6, 74.45,7.98,10.72,0.01,True,WIN,0.51
100,1.0,0.0,2.0,10,100, 6, 74.45,7.98,10.72,0.01,True,WIN,0.1
100,1.0,0.0,4.0,10,100, 6, 74.45,7.98,10.72,0.01,True,WIN,0.1
100,1.0,0.0,5.0,10,100, 6, 74.45,7.98,10.72,0.01,True,WIN,0.1
100,1.0,0.1,0.1,10,100, 6, 201.47,157.46,78.16,0.02,True,WIN,0.9
100,1.0,0.1,0.5,10,100, 6, 459.67,367.58,79.97,0.03,True,WIN,0.75
100,1.0,0.1,1.0,10,100, 6, 1893.63,1872.33,98.88,0.02,True,WIN,0.49
100,1.0,0.1,2.0,10,100, 6, 54123.49,1912.36,3.53,0.01,True,WIN,0.1
100,1.0,0.1,4.0,10,100, 6, 79333850.54,1342.09,0.00,0.01,True,WIN,0.1
100,1.0,0.1,5.0,10,100, 6, 3476513099.40,1251.78,0.00,0.01,True,WIN,0.1
100,1.0,1.0,0.1,10,100, 6, 234.36,191.86,81.87,0.02,True,WIN,0.9
100,1.0,1.0,0.5,10,100, 6, 1292.63,1081.44,83.66,0.02,True,WIN,0.75
100,1.0,1.0,1.0,10,100, 6, 18266.19,18261.31,99.97,0.03,True,WIN,0.31
100,1.0,1.0,2.0,10,100, 6, 5404978.09,19080.92,0.35,0.01,True,WIN,0.1
100,1.0,1.0,4.0,10,100, 6, 793337760921.43,13437.78,0.00,0.01,True,WIN,0.1
100,1.0,1.0,5.0,10,100, 6, 347651302495115.31,12555.12,0.00,0.02,True,WIN,0.1
100,1.0,2.0,0.1,10,100, 6, 245.84,200.43,81.53,0.02,True,WIN,0.9
100,1.0,2.0,0.5,10,100, 6, 1797.22,1519.90,84.57,0.02,True,WIN,0.75
100,1.0,2.0,1.0,10,100, 6, 36457.92,36454.06,99.99,0.03,True,WIN,0.10999999999999999
100,1.0,2.0,2.0,10,100, 6, 21619689.00,38142.71,0.18,0.02,True,WIN,0.1
100,1.0,2.0,4.0,10,100, 6, 12693404173626.13,25971.05,0.00,0.01,True,WIN,0.1
100,1.0,2.0,5.0,10,100, 6, 11124841679841382.00,24065.00,0.00,0.01,True,WIN,0.1
100,1.0,4.0,0.1,10,100, 6, 258.14,220.07,85.25,0.02,True,WIN,0.9
100,1.0,4.0,0.5,10,100, 6, 2510.81,2128.06,84.76,0.03,True,WIN,0.75
100,1.0,4.0,1.0,10,100, 6, 72841.38,72839.13,100.00,0.04,True,WIN,0.1
100,1.0,4.0,2.0,10,100, 6, 86478532.63,76906.26,0.09,0.02,True,WIN,0.1
100,1.0,4.0,4.0,10,100, 6, 203094466776901.22,51202.80,0.00,0.02,True,WIN,0.1
100,1.0,4.0,5.0,10,100, 6, 355994933754921984.00,46812.44,0.00,0.02,True,WIN,0.1
100,1.0,5.0,0.1,10,100, 6, 262.28,228.45,87.10,0.02,True,WIN,0.9
100,1.0,5.0,0.5,10,100, 6, 2798.38,2376.27,84.92,0.03,True,WIN,0.75
100,1.0,5.0,1.0,10,100, 6, 91033.12,91030.29,100.00,0.04,True,WIN,0.1
100,1.0,5.0,2.0,10,100, 6, 135122665.35,95361.44,0.07,0.02,True,WIN,0.1
100,1.0,5.0,4.0,10,100, 6, 495836100529436.94,62355.12,0.00,0.02,True,WIN,0.1
100,1.0,5.0,5.0,10,100, 6, 1086410320297003264.00,56423.88,0.00,0.02,True,WIN,0.1
200,0.1,0.0,0.1,10,100, 6, 200.65,42.37,21.11,0.04,True,WIN,0.9
200,0.1,0.0,0.5,10,100, 6, 200.65,42.37,21.11,0.04,True,WIN,0.75
200,0.1,0.0,1.0,10,100, 6, 200.65,42.37,21.11,0.04,True,WIN,0.51
200,0.1,0.0,2.0,10,100, 6, 200.65,42.37,21.11,0.07,True,WIN,0.1
200,0.1,0.0,4.0,10,100, 6, 200.65,42.37,21.11,0.04,True,WIN,0.1
200,0.1,0.0,5.0,10,100, 6, 200.65,42.37,21.11,0.04,True,WIN,0.1
200,0.1,0.1,0.1,10,100, 6, 821.78,573.24,69.76,0.04,True,WIN,0.9
200,0.1,0.1,0.5,10,100, 6, 1632.40,1204.64,73.80,0.03,True,WIN,0.75
200,0.1,0.1,1.0,10,100, 6, 5072.44,5020.04,98.97,0.05,True,WIN,0.49
200,0.1,0.1,2.0,10,100, 6, 82889.28,6264.75,7.56,0.01,True,WIN,0.1
200,0.1,0.1,4.0,10,100, 6, 54954436.59,4491.44,0.01,0.02,True,WIN,0.1
200,0.1,0.1,5.0,10,100, 6, 1775973246.30,4111.86,0.00,0.01,True,WIN,0.1
200,0.1,1.0,0.1,10,100, 6, 982.61,713.66,72.63,0.04,True,WIN,0.9
200,0.1,1.0,0.5,10,100, 6, 4728.23,3595.63,76.05,0.04,True,WIN,0.75
200,0.1,1.0,1.0,10,100, 6, 48918.51,48871.75,99.90,0.05,True,WIN,0.31
200,0.1,1.0,2.0,10,100, 6, 8269062.87,62605.52,0.76,0.03,True,WIN,0.1
200,0.1,1.0,4.0,10,100, 6, 549542359534.72,44748.04,0.00,0.02,True,WIN,0.1
200,0.1,1.0,5.0,10,100, 6, 177597304564950.56,40897.36,0.00,0.02,True,WIN,0.1
200,0.1,2.0,0.1,10,100, 6, 1038.73,761.09,73.27,0.03,True,WIN,0.9
200,0.1,2.0,0.5,10,100, 6, 6603.61,5062.77,76.67,0.04,True,WIN,0.75
200,0.1,2.0,1.0,10,100, 6, 97636.37,97590.46,99.95,0.05,True,WIN,0.10999999999999999
200,0.1,2.0,2.0,10,100, 6, 33075649.52,125202.32,0.38,0.03,True,WIN,0.1
200,0.1,2.0,4.0,10,100, 6, 8792677749545.66,89616.41,0.00,0.03,True,WIN,0.1
200,0.1,2.0,5.0,10,100, 6, 5683113746072197.00,81872.18,0.00,0.02,True,WIN,0.1
200,0.1,4.0,0.1,10,100, 6, 1098.88,778.99,70.89,0.04,True,WIN,0.9
200,0.1,4.0,0.5,10,100, 6, 9255.81,7115.89,76.88,0.04,True,WIN,0.75
200,0.1,4.0,1.0,10,100, 6, 195072.08,195027.48,99.98,0.05,True,WIN,0.1
200,0.1,4.0,2.0,10,100, 6, 132301996.10,249106.67,0.19,0.03,True,WIN,0.1
200,0.1,4.0,4.0,10,100, 6, 140682843989720.72,179064.31,0.00,0.03,True,WIN,0.1
200,0.1,4.0,5.0,10,100, 6, 181859639874303968.00,163715.57,0.00,0.03,True,WIN,0.1
200,0.1,5.0,0.1,10,100, 6, 1119.15,798.12,71.32,0.03,True,WIN,0.9
200,0.1,5.0,0.5,10,100, 6, 10324.62,7918.85,76.70,0.03,True,WIN,0.75
200,0.1,5.0,1.0,10,100, 6, 243789.94,243745.37,99.98,0.05,True,WIN,0.1
200,0.1,5.0,2.0,10,100, 6, 206721756.04,311248.19,0.15,0.04,True,WIN,0.1
200,0.1,5.0,4.0,10,100, 6, 343463974583989.94,222854.21,0.00,0.06,True,WIN,0.1
200,0.1,5.0,5.0,10,100, 6, 554991576764843520.00,204535.24,0.00,0.03,True,WIN,0.1
200,0.2,0.0,0.1,10,100, 6, 173.06,28.58,16.52,0.05,True,WIN,0.9
200,0.2,0.0,0.5,10,100, 6, 173.06,28.58,16.52,0.04,True,WIN,0.75
200,0.2,0.0,1.0,10,100, 6, 173.06,28.58,16.52,0.04,True,WIN,0.51
200,0.2,0.0,2.0,10,100, 6, 173.06,28.58,16.52,0.04,True,WIN,0.1
200,0.2,0.0,4.0,10,100, 6, 173.06,28.58,16.52,0.05,True,WIN,0.1
200,0.2,0.0,5.0,10,100, 6, 173.06,28.58,16.52,0.05,True,WIN,0.1
200,0.2,0.1,0.1,10,100, 6, 688.74,489.22,71.03,0.03,True,WIN,0.9
200,0.2,0.1,0.5,10,100, 6, 1378.83,990.92,71.87,0.05,True,WIN,0.75
200,0.2,0.1,1.0,10,100, 6, 4387.62,4347.22,99.08,0.05,True,WIN,0.49
200,0.2,0.1,2.0,10,100, 6, 76519.58,5038.76,6.58,0.03,True,WIN,0.1
200,0.2,0.1,4.0,10,100, 6, 57728369.26,3351.35,0.01,0.03,True,WIN,0.1
200,0.2,0.1,5.0,10,100, 6, 1996889329.63,3039.78,0.00,0.04,True,WIN,0.1
200,0.2,1.0,0.1,10,100, 6, 822.26,606.56,73.77,0.03,True,WIN,0.9
200,0.2,1.0,0.5,10,100, 6, 3986.04,2954.69,74.13,0.05,True,WIN,0.75
200,0.2,1.0,1.0,10,100, 6, 42318.66,42287.39,99.93,0.07,True,WIN,0.31
200,0.2,1.0,2.0,10,100, 6, 7634824.48,50291.04,0.66,0.03,True,WIN,0.1
200,0.2,1.0,4.0,10,100, 6, 577281962094.35,33441.90,0.00,0.03,True,WIN,0.1
200,0.2,1.0,5.0,10,100, 6, 199688915656538.75,30334.69,0.00,0.03,True,WIN,0.1
200,0.2,2.0,0.1,10,100, 6, 868.86,630.15,72.53,0.03,True,WIN,0.9
200,0.2,2.0,0.5,10,100, 6, 5565.43,4170.28,74.93,0.04,True,WIN,0.75
200,0.2,2.0,1.0,10,100, 6, 84464.26,84434.50,99.96,0.05,True,WIN,0.10999999999999999
200,0.2,2.0,2.0,10,100, 6, 30538778.72,100568.75,0.33,0.03,True,WIN,0.1
200,0.2,2.0,4.0,10,100, 6, 9236511390913.57,66702.17,0.00,0.03,True,WIN,0.1
200,0.2,2.0,5.0,10,100, 6, 6390045301003879.00,60443.50,0.00,0.03,True,WIN,0.1
200,0.2,4.0,0.1,10,100, 6, 918.80,651.12,70.87,0.04,True,WIN,0.9
200,0.2,4.0,0.5,10,100, 6, 7799.02,5857.31,75.10,0.04,True,WIN,0.75
200,0.2,4.0,1.0,10,100, 6, 168755.45,168726.39,99.98,0.09,True,WIN,0.1
200,0.2,4.0,2.0,10,100, 6, 122154595.67,199825.63,0.16,0.04,True,WIN,0.1
200,0.2,4.0,4.0,10,100, 6, 147784182252020.97,133029.00,0.00,0.04,True,WIN,0.1
200,0.2,4.0,5.0,10,100, 6, 204481449632118688.00,120556.34,0.00,0.04,True,WIN,0.1
200,0.2,5.0,0.1,10,100, 6, 935.63,693.42,74.11,0.03,True,WIN,0.9
200,0.2,5.0,0.5,10,100, 6, 8699.14,6548.83,75.28,0.03,True,WIN,0.75
200,0.2,5.0,1.0,10,100, 6, 210901.04,210872.65,99.99,0.07,True,WIN,0.1
200,0.2,5.0,2.0,10,100, 6, 190866458.38,249559.65,0.13,0.04,True,WIN,0.1
200,0.2,5.0,4.0,10,100, 6, 360801226200973.69,165873.81,0.00,0.04,True,WIN,0.1
200,0.2,5.0,5.0,10,100, 6, 624027861426143488.00,149471.03,0.00,0.04,True,WIN,0.1
200,0.5,0.0,0.1,10,100, 6, 152.98,17.40,11.38,0.05,True,WIN,0.9
200,0.5,0.0,0.5,10,100, 6, 152.98,17.40,11.38,0.05,True,WIN,0.75
200,0.5,0.0,1.0,10,100, 6, 152.98,17.40,11.38,0.05,True,WIN,0.51
200,0.5,0.0,2.0,10,100, 6, 152.98,17.40,11.38,0.04,True,WIN,0.1
200,0.5,0.0,4.0,10,100, 6, 152.98,17.40,11.38,0.05,True,WIN,0.1
200,0.5,0.0,5.0,10,100, 6, 152.98,17.40,11.38,0.04,True,WIN,0.1
200,0.5,0.1,0.1,10,100, 6, 519.77,391.25,75.27,0.04,True,WIN,0.9
200,0.5,0.1,0.5,10,100, 6, 1094.14,796.98,72.84,0.04,True,WIN,0.75
200,0.5,0.1,1.0,10,100, 6, 3870.69,3832.32,99.01,0.05,True,WIN,0.49
200,0.5,0.1,2.0,10,100, 6, 84366.68,3760.89,4.46,0.06,True,WIN,0.1
200,0.5,0.1,4.0,10,100, 6, 89617997.61,2528.70,0.00,0.06,True,WIN,0.1
200,0.5,0.1,5.0,10,100, 6, 3536576781.25,2341.27,0.00,0.05,True,WIN,0.1
200,0.5,1.0,0.1,10,100, 6, 614.74,466.15,75.83,0.03,True,WIN,0.9
200,0.5,1.0,0.5,10,100, 6, 3129.19,2386.12,76.25,0.04,True,WIN,0.75
200,0.5,1.0,1.0,10,100, 6, 37330.08,37309.51,99.94,0.10,True,WIN,0.31
200,0.5,1.0,2.0,10,100, 6, 8421523.23,37527.22,0.45,0.06,True,WIN,0.1
200,0.5,1.0,4.0,10,100, 6, 896178446437.20,25298.78,0.00,0.07,True,WIN,0.1
200,0.5,1.0,5.0,10,100, 6, 353657662827394.12,23426.05,0.00,0.06,True,WIN,0.1
200,0.5,2.0,0.1,10,100, 6, 647.88,492.03,75.94,0.04,True,WIN,0.9
200,0.5,2.0,0.5,10,100, 6, 4361.98,3346.50,76.72,0.04,True,WIN,0.75
200,0.5,2.0,1.0,10,100, 6, 74507.18,74488.87,99.98,0.06,True,WIN,0.10999999999999999
200,0.5,2.0,2.0,10,100, 6, 33685633.97,75043.78,0.22,0.06,True,WIN,0.1
200,0.5,2.0,4.0,10,100, 6, 14338855140700.51,49812.26,0.00,0.06,True,WIN,0.1
200,0.5,2.0,5.0,10,100, 6, 11317045210471870.00,45987.82,0.00,0.06,True,WIN,0.1
200,0.5,4.0,0.1,10,100, 6, 683.40,521.68,76.34,0.04,True,WIN,0.9
200,0.5,4.0,0.5,10,100, 6, 6105.41,4722.55,77.35,0.04,True,WIN,0.75
200,0.5,4.0,1.0,10,100, 6, 148861.37,148845.52,99.99,0.13,True,WIN,0.1
200,0.5,4.0,2.0,10,100, 6, 134742076.95,150654.34,0.11,0.07,True,WIN,0.1
200,0.5,4.0,4.0,10,100, 6, 229421682248913.50,95509.37,0.00,0.06,True,WIN,0.1
200,0.5,4.0,5.0,10,100, 6, 362145446735095296.00,85510.33,0.00,0.07,True,WIN,0.1
200,0.5,5.0,0.1,10,100, 6, 695.37,527.10,75.80,0.04,True,WIN,0.9
200,0.5,5.0,0.5,10,100, 6, 6808.00,5277.26,77.52,0.04,True,WIN,0.75
200,0.5,5.0,1.0,10,100, 6, 186038.47,186023.45,99.99,0.18,True,WIN,0.1
200,0.5,5.0,2.0,10,100, 6, 210534409.18,187282.68,0.09,0.08,True,WIN,0.1
200,0.5,5.0,4.0,10,100, 6, 560111528927791.06,117562.57,0.00,0.07,True,WIN,0.1
200,0.5,5.0,5.0,10,100, 6, 1105180196335128832.00,105363.18,0.00,0.08,True,WIN,0.1
200,1.0,0.0,0.1,10,100, 6, 150.57,11.23,7.46,0.07,True,WIN,0.9
200,1.0,0.0,0.5,10,100, 6, 150.57,11.23,7.46,0.07,True,WIN,0.75
200,1.0,0.0,1.0,10,100, 6, 150.57,11.23,7.46,0.07,True,WIN,0.51
200,1.0,0.0,2.0,10,100, 6, 150.57,11.23,7.46,0.06,True,WIN,0.1
200,1.0,0.0,4.0,10,100, 6, 150.57,11.23,7.46,0.06,True,WIN,0.1
200,1.0,0.0,5.0,10,100, 6, 150.57,11.23,7.46,0.06,True,WIN,0.1
200,1.0,0.1,0.1,10,100, 6, 407.72,343.91,84.35,0.05,True,WIN,0.9
200,1.0,0.1,0.5,10,100, 6, 935.48,687.88,73.53,0.06,True,WIN,0.75
200,1.0,0.1,1.0,10,100, 6, 3785.78,3735.78,98.68,0.08,True,WIN,0.49
200,1.0,0.1,2.0,10,100, 6, 100022.32,3122.18,3.12,0.11,True,WIN,0.1
200,1.0,0.1,4.0,10,100, 6, 119441406.77,2318.02,0.00,0.11,True,WIN,0.1
200,1.0,0.1,5.0,10,100, 6, 4695074117.81,2214.75,0.00,0.11,True,WIN,0.1
200,1.0,1.0,0.1,10,100, 6, 474.30,427.65,90.16,0.06,True,WIN,0.9
200,1.0,1.0,0.5,10,100, 6, 2632.67,2084.67,79.18,0.08,True,WIN,0.75
200,1.0,1.0,1.0,10,100, 6, 36502.65,36484.70,99.95,0.08,True,WIN,0.31
200,1.0,1.0,2.0,10,100, 6, 9987325.62,31240.16,0.31,0.13,True,WIN,0.1
200,1.0,1.0,4.0,10,100, 6, 1194412562104.29,23354.67,0.00,0.11,True,WIN,0.1
200,1.0,1.0,5.0,10,100, 6, 469507396723907.88,22297.01,0.00,0.11,True,WIN,0.1
200,1.0,2.0,0.1,10,100, 6, 497.54,446.76,89.79,0.06,True,WIN,0.9
200,1.0,2.0,0.5,10,100, 6, 3660.78,2905.44,79.37,0.06,True,WIN,0.75
200,1.0,2.0,1.0,10,100, 6, 72854.73,72842.51,99.98,0.11,True,WIN,0.10999999999999999
200,1.0,2.0,2.0,10,100, 6, 39948850.77,62477.90,0.16,0.13,True,WIN,0.1
200,1.0,2.0,4.0,10,100, 6, 19110600991410.08,45611.34,0.00,0.12,True,WIN,0.1
200,1.0,2.0,5.0,10,100, 6, 15024236695160380.00,43418.13,0.00,0.13,True,WIN,0.1
200,1.0,4.0,0.1,10,100, 6, 522.44,470.70,90.10,0.05,True,WIN,0.9
200,1.0,4.0,0.5,10,100, 6, 5114.76,4100.20,80.16,0.06,True,WIN,0.75
200,1.0,4.0,1.0,10,100, 6, 145558.89,145550.73,99.99,0.10,True,WIN,0.1
200,1.0,4.0,2.0,10,100, 6, 159794951.37,125447.55,0.08,0.13,True,WIN,0.1
200,1.0,4.0,4.0,10,100, 6, 305769615860302.75,77556.40,0.00,0.12,True,WIN,0.1
200,1.0,4.0,5.0,10,100, 6, 480775574245127808.00,70164.01,0.00,0.12,True,WIN,0.1
200,1.0,5.0,0.1,10,100, 6, 530.83,477.93,90.03,0.05,True,WIN,0.9
200,1.0,5.0,0.5,10,100, 6, 5700.70,4570.92,80.18,0.05,True,WIN,0.75
200,1.0,5.0,1.0,10,100, 6, 181910.97,181903.92,100.00,0.06,True,WIN,0.1
200,1.0,5.0,2.0,10,100, 6, 249679526.83,156000.28,0.06,0.12,True,WIN,0.1
200,1.0,5.0,4.0,10,100, 6, 746507851221225.25,96334.52,0.00,0.14,True,WIN,0.1
200,1.0,5.0,5.0,10,100, 6, 1467210614761742080.00,86457.70,0.00,0.13,True,WIN,0.1
1000,0.1,0.0,0.1,10,100, 6, 807.54,92.66,11.47,5.20,True,WIN,0.9
1000,0.1,0.0,0.5,10,100, 6, 807.54,92.66,11.47,8.21,True,WIN,0.75
1000,0.1,0.0,1.0,10,100, 6, 807.54,92.66,11.47,9.06,True,WIN,0.51
1000,0.1,0.0,2.0,10,100, 6, 807.54,92.66,11.47,6.29,True,WIN,0.1
1000,0.1,0.0,4.0,10,100, 6, 807.54,92.66,11.47,4.30,True,WIN,0.1
1000,0.1,0.0,5.0,10,100, 6, 807.54,92.66,11.47,4.35,True,WIN,0.1
1000,0.1,0.1,0.1,10,100, 6, 3791.39,3222.37,84.99,0.64,True,WIN,0.9
1000,0.1,0.1,0.5,10,100, 6, 7048.35,4753.77,67.45,0.68,True,WIN,0.75
1000,0.1,0.1,1.0,10,100, 6, 21005.40,20829.93,99.16,0.79,True,WIN,0.49
1000,0.1,0.1,2.0,10,100, 6, 351149.04,18744.14,5.34,1.54,True,WIN,0.1
1000,0.1,0.1,4.0,10,100, 6, 301901753.33,11679.74,0.00,1.53,True,WIN,0.1
1000,0.1,0.1,5.0,10,100, 6, 12069025293.88,10646.03,0.00,1.56,True,WIN,0.1
1000,0.1,1.0,0.1,10,100, 6, 4563.99,3935.67,86.23,0.66,True,WIN,0.9
1000,0.1,1.0,0.5,10,100, 6, 20542.69,14425.43,70.22,0.69,True,WIN,0.75
1000,0.1,1.0,1.0,10,100, 6, 202786.07,202670.77,99.94,0.71,True,WIN,0.31
1000,0.1,1.0,2.0,10,100, 6, 35034957.63,186934.02,0.53,1.58,True,WIN,0.1
1000,0.1,1.0,4.0,10,100, 6, 3019009458718.31,117026.96,0.00,1.56,True,WIN,0.1
1000,0.1,1.0,5.0,10,100, 6, 1206902448634348.25,106808.46,0.00,1.60,True,WIN,0.1
1000,0.1,2.0,0.1,10,100, 6, 4833.60,4128.76,85.42,0.66,True,WIN,0.9
1000,0.1,2.0,0.5,10,100, 6, 28717.26,20281.51,70.62,0.68,True,WIN,0.75
1000,0.1,2.0,1.0,10,100, 6, 404764.60,404655.35,99.97,0.67,True,WIN,0.10999999999999999
1000,0.1,2.0,2.0,10,100, 6, 140137407.90,373712.58,0.27,1.59,True,WIN,0.1
1000,0.1,2.0,4.0,10,100, 6, 48304151327379.73,231390.16,0.00,1.52,True,WIN,0.1
1000,0.1,2.0,5.0,10,100, 6, 38620878356274088.00,210725.23,0.00,1.60,True,WIN,0.1
1000,0.1,4.0,0.1,10,100, 6, 5122.57,4366.86,85.25,0.67,True,WIN,0.9
1000,0.1,4.0,0.5,10,100, 6, 40277.84,28457.83,70.65,0.67,True,WIN,0.75
1000,0.1,4.0,1.0,10,100, 6, 808721.66,808617.65,99.99,0.74,True,WIN,0.1
1000,0.1,4.0,2.0,10,100, 6, 560547208.96,749441.32,0.13,1.64,True,WIN,0.1
1000,0.1,4.0,4.0,10,100, 6, 772866421225961.88,440067.20,0.00,1.54,True,WIN,0.1
1000,0.1,4.0,5.0,10,100, 6, 1235868107400747264.00,389782.72,0.00,1.64,True,WIN,0.1
1000,0.1,5.0,0.1,10,100, 6, 5219.93,4458.56,85.41,0.70,True,WIN,0.9
1000,0.1,5.0,0.5,10,100, 6, 44936.68,31854.34,70.89,0.68,True,WIN,0.75
1000,0.1,5.0,1.0,10,100, 6, 1010700.19,1010597.78,99.99,0.78,True,WIN,0.1
1000,0.1,5.0,2.0,10,100, 6, 875854559.75,931713.55,0.11,1.66,True,WIN,0.1
1000,0.1,5.0,4.0,10,100, 6, 1886880911195032.75,550627.62,0.00,1.56,True,WIN,0.1
1000,0.1,5.0,5.0,10,100, 6, 3771570151979816960.00,486989.58,0.00,1.64,True,WIN,0.1
1000,0.2,0.0,0.1,10,100, 6, 777.19,63.56,8.18,4.94,True,WIN,0.9
1000,0.2,0.0,0.5,10,100, 6, 777.19,63.56,8.18,4.88,True,WIN,0.75
1000,0.2,0.0,1.0,10,100, 6, 777.19,63.56,8.18,5.00,True,WIN,0.51
1000,0.2,0.0,2.0,10,100, 6, 777.19,63.56,8.18,4.96,True,WIN,0.1
1000,0.2,0.0,4.0,10,100, 6, 777.19,63.56,8.18,4.88,True,WIN,0.1
1000,0.2,0.0,5.0,10,100, 6, 777.19,63.56,8.18,4.86,True,WIN,0.1
1000,0.2,0.1,0.1,10,100, 6, 3369.43,2827.39,83.91,1.27,True,WIN,0.9
1000,0.2,0.1,0.5,10,100, 6, 6450.33,4189.47,64.95,1.28,True,WIN,0.75
1000,0.2,0.1,1.0,10,100, 6, 20239.77,20044.73,99.04,1.55,True,WIN,0.49
1000,0.2,0.1,2.0,10,100, 6, 376228.70,15279.62,4.06,3.06,True,WIN,0.1
1000,0.2,0.1,4.0,10,100, 6, 377783114.58,10035.57,0.00,3.03,True,WIN,0.1
1000,0.2,0.1,5.0,10,100, 6, 15751637990.25,9381.11,0.00,3.12,True,WIN,0.1
1000,0.2,1.0,0.1,10,100, 6, 4040.62,3370.09,83.41,1.28,True,WIN,0.9
1000,0.2,1.0,0.5,10,100, 6, 18717.21,12680.20,67.75,1.30,True,WIN,0.75
1000,0.2,1.0,1.0,10,100, 6, 195402.96,195317.75,99.96,1.45,True,WIN,0.31
1000,0.2,1.0,2.0,10,100, 6, 37545927.70,152567.71,0.41,3.09,True,WIN,0.1
1000,0.2,1.0,4.0,10,100, 6, 3777823374631.53,101116.78,0.00,3.10,True,WIN,0.1
1000,0.2,1.0,5.0,10,100, 6, 1575163721306340.50,94732.08,0.00,3.15,True,WIN,0.1
1000,0.2,2.0,0.1,10,100, 6, 4274.85,3571.67,83.55,1.29,True,WIN,0.9
1000,0.2,2.0,0.5,10,100, 6, 26148.21,17824.67,68.17,1.30,True,WIN,0.75
1000,0.2,2.0,1.0,10,100, 6, 390028.72,389961.48,99.98,1.67,True,WIN,0.10999999999999999
1000,0.2,2.0,2.0,10,100, 6, 150181379.22,304970.57,0.20,3.10,True,WIN,0.1
1000,0.2,2.0,4.0,10,100, 6, 60445173982446.63,198001.32,0.00,3.05,True,WIN,0.1
1000,0.2,2.0,5.0,10,100, 6, 50405239081778840.00,184970.96,0.00,3.23,True,WIN,0.1
1000,0.2,4.0,0.1,10,100, 6, 4525.89,3776.92,83.45,1.41,True,WIN,0.9
1000,0.2,4.0,0.5,10,100, 6, 36657.22,25163.91,68.65,1.30,True,WIN,0.75
1000,0.2,4.0,1.0,10,100, 6, 779280.25,779222.16,99.99,1.56,True,WIN,0.1
1000,0.2,4.0,2.0,10,100, 6, 600723185.31,609425.40,0.10,3.16,True,WIN,0.1
1000,0.2,4.0,4.0,10,100, 6, 967122783707487.75,348106.15,0.00,3.06,True,WIN,0.1
1000,0.2,4.0,5.0,10,100, 6, 1612967650616897792.00,316035.93,0.00,3.19,True,WIN,0.1
1000,0.2,5.0,0.1,10,100, 6, 4610.48,3845.38,83.41,1.29,True,WIN,0.9
1000,0.2,5.0,0.5,10,100, 6, 40892.29,28082.23,68.67,1.30,True,WIN,0.75
1000,0.2,5.0,1.0,10,100, 6, 973906.01,973848.68,99.99,1.52,True,WIN,0.1
1000,0.2,5.0,2.0,10,100, 6, 938629539.87,762690.33,0.08,3.16,True,WIN,0.1
1000,0.2,5.0,4.0,10,100, 6, 2361139608659738.00,425163.48,0.00,2.99,True,WIN,0.1
1000,0.2,5.0,5.0,10,100, 6, 4922386629079886848.00,375986.01,0.00,3.25,True,WIN,0.1
